{
  "contract_version": "mesh-bounds.v1",
  "source_format": "mesh.v1",
  "source_dir": "viewer/assets/meshes",
  "parts": {
    "back": {
      "min": [
        -0.452889,
        -0.6,
        -0.6
      ],
      "max": [
        0.452889,
        0.58,
        -0.06
      ],
      "size": [
        0.905778,
        1.18,
        0.54
      ],
      "vertex_count": 597
    },
    "chest": {
      "min": [
        -0.534311,
        -0.62,
        0.04
      ],
      "max": [
        0.534311,
        0.66,
        0.68
      ],
      "size": [
        1.068622,
        1.28,
        0.64
      ],
      "vertex_count": 682
    },
    "helmet": {
      "min": [
        -0.3952,
        -0.62,
        -0.37
      ],
      "max": [
        0.3952,
        0.56,
        0.5
      ],
      "size": [
        0.7904,
        1.18,
        0.87
      ],
      "vertex_count": 680
    },
    "left_boot": {
      "min": [
        -0.1976,
        -0.4136,
        -0.280524
      ],
      "max": [
        0.1976,
        0.47,
        0.604356
      ],
      "size": [
        0.3952,
        0.8836,
        0.88488
      ],
      "vertex_count": 428
    },
    "left_forearm": {
      "min": [
        -0.1957,
        -0.54,
        -0.12
      ],
      "max": [
        0.1957,
        0.54,
        0.24
      ],
      "size": [
        0.3914,
        1.08,
        0.36
      ],
      "vertex_count": 390
    },
    "left_hand": {
      "min": [
        -0.147,
        -0.247,
        -0.17
      ],
      "max": [
        0.147,
        0.247,
        0.34
      ],
      "size": [
        0.294,
        0.494,
        0.51
      ],
      "vertex_count": 287
    },
    "left_shin": {
      "min": [
        -0.1872,
        -0.58,
        -0.12
      ],
      "max": [
        0.1872,
        0.58,
        0.26
      ],
      "size": [
        0.3744,
        1.16,
        0.38
      ],
      "vertex_count": 390
    },
    "left_shoulder": {
      "min": [
        -0.324,
        -0.25,
        -0.3
      ],
      "max": [
        0.324,
        0.24,
        0.34
      ],
      "size": [
        0.648,
        0.49,
        0.64
      ],
      "vertex_count": 326
    },
    "left_thigh": {
      "min": [
        -0.297,
        -0.62,
        -0.19
      ],
      "max": [
        0.297,
        0.64,
        0.34
      ],
      "size": [
        0.594,
        1.26,
        0.53
      ],
      "vertex_count": 511
    },
    "left_upperarm": {
      "min": [
        -0.206,
        -0.52,
        -0.15
      ],
      "max": [
        0.206,
        0.52,
        0.21
      ],
      "size": [
        0.412,
        1.04,
        0.36
      ],
      "vertex_count": 390
    },
    "right_boot": {
      "min": [
        -0.1976,
        -0.4136,
        -0.280524
      ],
      "max": [
        0.1976,
        0.47,
        0.604356
      ],
      "size": [
        0.3952,
        0.8836,
        0.88488
      ],
      "vertex_count": 428
    },
    "right_forearm": {
      "min": [
        -0.1957,
        -0.54,
        -0.12
      ],
      "max": [
        0.1957,
        0.54,
        0.24
      ],
      "size": [
        0.3914,
        1.08,
        0.36
      ],
      "vertex_count": 390
    },
    "right_hand": {
      "min": [
        -0.147,
        -0.247,
        -0.17
      ],
      "max": [
        0.147,
        0.247,
        0.34
      ],
      "size": [
        0.294,
        0.494,
        0.51
      ],
      "vertex_count": 287
    },
    "right_shin": {
      "min": [
        -0.1872,
        -0.58,
        -0.12
      ],
      "max": [
        0.1872,
        0.58,
        0.26
      ],
      "size": [
        0.3744,
        1.16,
        0.38
      ],
      "vertex_count": 390
    },
    "right_shoulder": {
      "min": [
        -0.324,
        -0.25,
        -0.3
      ],
      "max": [
        0.324,
        0.24,
        0.34
      ],
      "size": [
        0.648,
        0.49,
        0.64
      ],
      "vertex_count": 326
    },
    "right_thigh": {
      "min": [
        -0.297,
        -0.62,
        -0.19
      ],
      "max": [
        0.297,
        0.64,
        0.34
      ],
      "size": [
        0.594,
        1.26,
        0.53
      ],
      "vertex_count": 511
    },
    "right_upperarm": {
      "min": [
        -0.206,
        -0.52,
        -0.15
      ],
      "max": [
        0.206,
        0.52,
        0.21
      ],
      "size": [
        0.412,
        1.04,
        0.36
      ],
      "vertex_count": 390
    },
    "waist": {
      "min": [
        -0.4601,
        -0.38,
        -0.4
      ],
      "max": [
        0.4601,
        0.36,
        0.43
      ],
      "size": [
        0.9202,
        0.74,
        0.83
      ],
      "vertex_count": 486
    }
  }
}
